INSERT INTO `blogs` (`id`, `title`, `slug`, `description`, `status`, `created_at`, `updated_at`) VALUES
(1, '{\"vi\": \"Tin mới\"}', '{\"vi\": \"tin-moi\"}', '{\"vi\": null}', 'active', '2026-02-27 16:23:13', '2026-02-27 16:23:13');

INSERT INTO `collections` (`id`, `title`, `slug`, `description`, `status`, `created_at`, `updated_at`) VALUES
(1, '{\"en\": \"\", \"vi\": \"Móc gỗ\"}', '{\"en\": \"\", \"vi\": \"moc-go\"}', '{\"en\": \"\", \"vi\": \"Sản xuất từ gỗ tự nhiên và gỗ công nghiệp, xử lý bề mặt kỹ lưỡng, đảm bảo độ bền và tính thẩm mỹ. Bao gồm móc treo gỗ, phụ kiện nội thất.\"}', 'active', '2026-03-01 23:41:18', '2026-03-15 00:52:47'),
(2, '{\"en\": \"\", \"vi\": \"Móc Sắt\"}', '{\"en\": \"\", \"vi\": \"moc-sat\"}', '{\"en\": \"\", \"vi\": \"Sản xuất từ gỗ tự nhiên và gỗ công nghiệp, xử lý bề mặt kỹ lưỡng, đảm bảo độ bền và tính thẩm mỹ. Bao gồm móc treo gỗ, phụ kiện nội thất.\"}', 'active', '2026-03-02 22:01:07', '2026-03-15 00:52:54'),
(3, '{\"en\": \"\", \"vi\": \"Móc nhựa\"}', '{\"en\": \"\", \"vi\": \"moc-nhua\"}', '{\"en\": \"\", \"vi\": \"Sản xuất từ gỗ tự nhiên và gỗ công nghiệp, xử lý bề mặt kỹ lưỡng, đảm bảo độ bền và tính thẩm mỹ. Bao gồm móc treo gỗ, phụ kiện nội thất.\"}', 'active', '2026-03-02 22:01:19', '2026-03-15 00:52:56'),
(4, '{\"en\": \"\", \"vi\": \"Nền Gỗ Nhà\"}', '{\"en\": \"\", \"vi\": \"nen-go-nha\"}', '{\"en\": \"\", \"vi\": \"Sản xuất từ gỗ tự nhiên và gỗ công nghiệp, xử lý bề mặt kỹ lưỡng, đảm bảo độ bền và tính thẩm mỹ. Bao gồm móc treo gỗ, phụ kiện nội thất.\"}', 'active', '2026-03-02 22:45:38', '2026-03-15 00:52:58'),
(5, '{\"en\": \"\", \"vi\": \"Nền Vườn \"}', '{\"en\": \"\", \"vi\": \"nen-vuon\"}', '{\"en\": \"\", \"vi\": \"Sản xuất từ gỗ tự nhiên và gỗ công nghiệp, xử lý bề mặt kỹ lưỡng, đảm bảo độ bền và tính thẩm mỹ. Bao gồm móc treo gỗ, phụ kiện nội thất.\"}', 'active', '2026-03-02 22:45:48', '2026-03-15 00:53:00');

INSERT INTO `media_folders` (`id`, `name`, `path`, `parent_id`, `created_at`, `updated_at`) VALUES
(4, 'Bài viết', 'posts', NULL, '2026-02-27 16:24:46', '2026-02-27 16:27:16'),
(6, 'Sản phẩm', 'products', NULL, '2026-02-27 16:31:49', '2026-02-27 16:53:23'),
(8, 'Cài đặt', 'settings', NULL, '2026-02-27 18:28:54', '2026-03-01 01:42:08'),
(9, 'Danh mục sản phẩm', 'collections', NULL, '2026-03-01 23:19:25', '2026-03-12 22:22:59'),
(10, 'Trang', 'pages', NULL, '2026-03-12 22:21:42', '2026-03-12 22:22:48'),
(11, 'gallery', 'settings/gallery', 8, '2026-03-15 02:40:27', '2026-03-15 02:40:27');

INSERT INTO `media` (`id`, `uuid`, `name`, `file_name`, `mime_type`, `size`, `width`, `height`, `folder_id`, `custom_properties`, `generated_conversions`, `created_at`, `updated_at`) VALUES
(6, NULL, '7e563999d2a62d1b82ec1e1b5bf84cbdbb5879b8', 'f126a28f-6b3d-475e-83e2-e3e17355c839.jpg', 'image/jpeg', 7952908, 4096, 2286, 4, '{\"original_name\": \"7e563999d2a62d1b82ec1e1b5bf84cbdbb5879b8.jpg\"}', '{\"Post_image_thumb\": {\"width\": 300, \"height\": 167, \"file_name\": \"b56e2135-4408-43b5-919b-e242f902e1b7-thumb.jpg\", \"generated_at\": \"2026-02-28 06:25:13\"}}', '2026-02-27 16:25:12', '2026-02-27 16:25:13'),
(7, NULL, 'logo', 'd32024d6-ccf4-4da6-8fbe-8274331c0498.png', 'image/png', 1625, 193, 28, 8, '{\"caption\": \"\", \"alt_text\": \"\", \"original_name\": \"Type=Main.png\"}', '[]', '2026-02-27 18:28:59', '2026-03-01 01:42:28'),
(8, NULL, 'e6c5787eb052c580ce17917e529208e4c0f46ec5', '8c94292f-374a-4848-8973-8b02003bd57c.jpg', 'image/jpeg', 2262836, 2048, 2048, 6, '{\"original_name\": \"e6c5787eb052c580ce17917e529208e4c0f46ec5.jpg\"}', '{\"Product_images_thumb\": {\"width\": 400, \"height\": 400, \"file_name\": \"8ceee387-ba1e-4bdf-9065-2e9a225b8e82-thumb.jpg\", \"generated_at\": \"2026-03-04 02:24:06\"}}', '2026-03-01 00:34:36', '2026-03-03 12:24:06'),
(9, NULL, '5bba7b68c4d86f2160216aca09c791b7996f359f', 'e080c7ae-7ac2-45a9-a105-fc9b689eca2c.jpg', 'image/jpeg', 59400, 449, 370, 9, '{\"original_name\": \"5bba7b68c4d86f2160216aca09c791b7996f359f.jpg\"}', '[]', '2026-03-01 23:19:45', '2026-03-01 23:19:45'),
(10, NULL, '021b7615866d560d7c3059c43de2dbc1c733ac19', '799ca195-1422-462c-8123-5da3bcd75fed.jpg', 'image/jpeg', 2817796, 2048, 2048, 9, '{\"original_name\": \"021b7615866d560d7c3059c43de2dbc1c733ac19.jpg\"}', '[]', '2026-03-01 23:19:45', '2026-03-01 23:19:45'),
(11, NULL, 'a3fa495e7cd7f0f7b69bb6068f3d183d5bcbd324', '5dd53b2a-9362-4d91-8128-c42da66ac208.jpg', 'image/jpeg', 2823393, 2048, 2048, 9, '{\"original_name\": \"a3fa495e7cd7f0f7b69bb6068f3d183d5bcbd324.jpg\"}', '[]', '2026-03-01 23:19:45', '2026-03-01 23:19:45'),
(12, NULL, '039e703958319fdbb65073e4c71617e80613a6ac', '881adc69-eade-4d99-b63f-13424493826d.jpg', 'image/jpeg', 2848535, 2048, 2048, 9, '{\"original_name\": \"039e703958319fdbb65073e4c71617e80613a6ac.jpg\"}', '[]', '2026-03-01 23:19:45', '2026-03-01 23:19:45'),
(13, NULL, '31bbdfd72dabc42ce0f484ed673a9eeed04b7058', 'b80b29f1-54a5-45c4-9848-cadc01629251.jpg', 'image/jpeg', 2810155, 2048, 2048, 9, '{\"original_name\": \"31bbdfd72dabc42ce0f484ed673a9eeed04b7058.jpg\"}', '[]', '2026-03-01 23:19:45', '2026-03-01 23:19:45'),
(14, NULL, '6ae6a8154b8da77d5497136c18e9cf950cb465fc', '196a1a4c-e587-4769-9bf4-79dba3d6871f.jpg', 'image/jpeg', 2295717, 2048, 2048, 6, '{\"original_name\": \"6ae6a8154b8da77d5497136c18e9cf950cb465fc.jpg\"}', '{\"thumb\": {\"width\": 400, \"height\": 400, \"file_name\": \"466215c5-954a-4be9-96bf-6a17bcc47a98-thumb.jpg\", \"generated_at\": \"2026-03-02 13:24:40\"}}', '2026-03-01 23:24:40', '2026-03-01 23:24:40'),
(15, NULL, '5a3cf0419bb4081aeab37817439286ed84ab4a9e', '91fc82b9-800a-4b0a-91d3-74eb8c2844c3.jpg', 'image/jpeg', 2369474, 2048, 2048, 6, '{\"original_name\": \"5a3cf0419bb4081aeab37817439286ed84ab4a9e.jpg\"}', '{\"thumb\": {\"width\": 400, \"height\": 400, \"file_name\": \"9d6e9acb-2df1-4ac5-a6e6-865c6e23bbdc-thumb.jpg\", \"generated_at\": \"2026-03-03 12:48:51\"}}', '2026-03-02 22:48:51', '2026-03-02 22:48:51'),
(16, NULL, '5fcb1ad8aff20a1a9fb65a57cf8b4281d7241dc0', 'efc0bd4c-818a-4c0b-8f66-aef254f7eb51.jpg', 'image/jpeg', 2345502, 2048, 2048, 6, '{\"original_name\": \"5fcb1ad8aff20a1a9fb65a57cf8b4281d7241dc0.jpg\"}', '{\"thumb\": {\"width\": 400, \"height\": 400, \"file_name\": \"1e03364f-6c8c-4a02-b098-06c592a646de-thumb.jpg\", \"generated_at\": \"2026-03-03 12:49:15\"}}', '2026-03-02 22:49:15', '2026-03-02 22:49:15'),
(17, NULL, 'b612c9b432fdc4433a5f08cd57ccd4d70349ff17 (1)', '10130174-f160-4be2-afd5-b54f9efbc43a.jpg', 'image/jpeg', 2222867, 2048, 2048, 6, '{\"original_name\": \"b612c9b432fdc4433a5f08cd57ccd4d70349ff17 (1).jpg\"}', '{\"thumb\": {\"width\": 400, \"height\": 400, \"file_name\": \"a30b924b-cd47-4cd1-b748-5dc4361eb5fc-thumb.jpg\", \"generated_at\": \"2026-03-03 12:57:05\"}}', '2026-03-02 22:57:05', '2026-03-02 22:57:05'),
(18, NULL, '526a70dca49582b88c4598820336312a9fd43e95', 'd8369cad-6c16-4e79-9deb-c8512823d1f3.jpg', 'image/jpeg', 2092102, 2048, 2048, 6, '{\"original_name\": \"526a70dca49582b88c4598820336312a9fd43e95.jpg\"}', '{\"thumb\": {\"width\": 400, \"height\": 400, \"file_name\": \"184dfdcd-34ad-4294-9c72-0d76844b598e-thumb.jpg\", \"generated_at\": \"2026-03-03 12:58:44\"}}', '2026-03-02 22:58:44', '2026-03-02 22:58:44'),
(19, NULL, 'd09371d8d3c38a892b0b7737b6833038a24fccec', '759fe7fd-cb4d-4a0f-bfd7-e50b59a5d429.jpg', 'image/jpeg', 2327548, 2048, 2048, 6, '{\"original_name\": \"d09371d8d3c38a892b0b7737b6833038a24fccec.jpg\"}', '{\"thumb\": {\"width\": 400, \"height\": 400, \"file_name\": \"cc8ee581-52d2-448e-b241-93c117a5f7d0-thumb.jpg\", \"generated_at\": \"2026-03-03 12:59:09\"}}', '2026-03-02 22:59:09', '2026-03-02 22:59:09'),
(20, NULL, 'fa618adb51d3d70aaf107893f73c75de08d7081f', '8a6d2e30-b7dd-4d23-80be-138ee3e4f859.jpg', 'image/jpeg', 2431464, 2048, 2048, 6, '{\"original_name\": \"fa618adb51d3d70aaf107893f73c75de08d7081f.jpg\"}', '{\"thumb\": {\"width\": 400, \"height\": 400, \"file_name\": \"5c714d15-14a0-4a1c-b997-16afb4cfd9f5-thumb.jpg\", \"generated_at\": \"2026-03-03 12:59:28\"}}', '2026-03-02 22:59:28', '2026-03-02 22:59:28'),
(21, NULL, '0ba21c9b65cab097d45b9f0223d46b2e3a36533d', '3ac1092e-8ada-4903-9fe8-34ee227dd8d8.jpg', 'image/jpeg', 2593577, 2336, 1824, 6, '{\"original_name\": \"0ba21c9b65cab097d45b9f0223d46b2e3a36533d.jpg\"}', '{\"thumb\": {\"width\": 400, \"height\": 312, \"file_name\": \"ea9332b5-2f69-4725-9fb5-598ab9097988-thumb.jpg\", \"generated_at\": \"2026-03-03 13:03:31\"}}', '2026-03-02 23:03:31', '2026-03-02 23:03:31'),
(22, NULL, '9fdb59f22192e23f462b098875dc4028acfbec2c', 'b74116ae-cc05-4d3c-9722-799837ddae18.png', 'image/png', 2046055, 1024, 1536, 6, '{\"original_name\": \"9fdb59f22192e23f462b098875dc4028acfbec2c.png\"}', '{\"thumb\": {\"width\": 267, \"height\": 400, \"file_name\": \"49c6a7d7-b1c0-4cef-be60-35796719c9e7-thumb.png\", \"generated_at\": \"2026-03-03 13:05:35\"}}', '2026-03-02 23:05:35', '2026-03-02 23:05:35'),
(23, NULL, 'a83d42efd7c1a0a940b92bd7a567433086619d5a', '1d438d82-2b9c-4ded-8a5c-7cdbe8303457.jpg', 'image/jpeg', 2683674, 2240, 1888, 6, '{\"original_name\": \"a83d42efd7c1a0a940b92bd7a567433086619d5a.jpg\"}', '{\"thumb\": {\"width\": 400, \"height\": 337, \"file_name\": \"8d7cedf5-f2e3-4170-889c-8d43eb0ca17f-thumb.jpg\", \"generated_at\": \"2026-03-03 13:07:58\"}}', '2026-03-02 23:07:58', '2026-03-02 23:07:58'),
(24, NULL, '17009799db827ffdf98ca25ee7d8c4e063b086a3', '02cab8d0-2d99-404e-8fe7-6bbe5a35159b.jpg', 'image/jpeg', 7748106, 4096, 2286, 4, '{\"original_name\": \"17009799db827ffdf98ca25ee7d8c4e063b086a3.jpg\"}', '{\"thumb\": {\"width\": 300, \"height\": 167, \"file_name\": \"aca9d34d-3f26-4688-82ba-12f546513880-thumb.jpg\", \"generated_at\": \"2026-03-03 13:16:42\"}}', '2026-03-02 23:16:41', '2026-03-02 23:16:42'),
(25, NULL, '7e563999d2a62d1b82ec1e1b5bf84cbdbb5879b8 (1)', '87f8196a-3872-4364-8ae1-d49d791e1e22.jpg', 'image/jpeg', 7952908, 4096, 2286, 4, '{\"original_name\": \"7e563999d2a62d1b82ec1e1b5bf84cbdbb5879b8 (1).jpg\"}', '{\"thumb\": {\"width\": 300, \"height\": 167, \"file_name\": \"954edf3d-c0b9-44df-ab94-8511f4763833-thumb.jpg\", \"generated_at\": \"2026-03-03 13:18:33\"}}', '2026-03-02 23:18:33', '2026-03-02 23:18:33'),
(26, NULL, 'b373a1330a04231203ac6d2be2d4c707918c1f18', '61a1110c-d706-48d4-8276-5ad8f678126d.jpg', 'image/jpeg', 1083923, 1376, 767, 4, '{\"original_name\": \"b373a1330a04231203ac6d2be2d4c707918c1f18.jpg\"}', '{\"thumb\": {\"width\": 300, \"height\": 167, \"file_name\": \"23b279dc-4fb1-465f-bbc1-0811e5cad2ba-thumb.jpg\", \"generated_at\": \"2026-03-03 13:24:32\"}}', '2026-03-02 23:24:32', '2026-03-02 23:24:32'),
(27, NULL, '4a76d5a95f0bbe507886a27bd3fab76e7427894b', '59ca2375-61c0-4df5-9318-61522a092c2e.png', 'image/png', 1205197, 1152, 896, 6, '{\"original_name\": \"4a76d5a95f0bbe507886a27bd3fab76e7427894b.png\"}', '{\"Product_images_thumb\": {\"width\": 400, \"height\": 311, \"file_name\": \"bae9175f-49b6-4f9b-8e80-be2eaac0ce33-thumb.png\", \"generated_at\": \"2026-03-09 16:18:03\"}}', '2026-03-09 02:17:53', '2026-03-09 02:18:03'),
(28, NULL, '0a9bfee0a5dffefe7909e9310a0a844cd957846c', 'af1be88d-4d98-4dde-a986-61a99d88515d.jpg', 'image/jpeg', 2496408, 2336, 1824, 6, '{\"original_name\": \"0a9bfee0a5dffefe7909e9310a0a844cd957846c.jpg\"}', '{\"Product_images_thumb\": {\"width\": 400, \"height\": 312, \"file_name\": \"1212fc70-c8c5-494b-af54-794ea3eff209-thumb.jpg\", \"generated_at\": \"2026-03-09 16:18:03\"}}', '2026-03-09 02:17:53', '2026-03-09 02:18:03'),
(29, NULL, '29a00070270fc5c97a517e84d73b8ab5211ae87f', 'c0aff48c-c0f5-47a5-acd5-a9bfd4c4b8ab.png', 'image/png', 1316614, 1152, 896, 6, '{\"original_name\": \"29a00070270fc5c97a517e84d73b8ab5211ae87f.png\"}', '{\"Product_images_thumb\": {\"width\": 400, \"height\": 311, \"file_name\": \"d6777395-3703-439a-8a62-837b407b8e96-thumb.png\", \"generated_at\": \"2026-03-09 16:18:03\"}}', '2026-03-09 02:17:54', '2026-03-09 02:18:04'),
(30, NULL, '3703c665e74e51eb4bb29b5159738ec42e1d76ba', '990c50e2-e32a-4080-87e2-65642232a99f.jpg', 'image/jpeg', 7430346, 4096, 2286, 4, '{\"original_name\": \"3703c665e74e51eb4bb29b5159738ec42e1d76ba.jpg\"}', '{\"Post_image_thumb\": {\"width\": 300, \"height\": 167, \"file_name\": \"6608d9d7-9dbd-4bb3-8a45-6e604f9cb58f-thumb.jpg\", \"generated_at\": \"2026-03-12 16:01:50\"}}', '2026-03-12 02:01:41', '2026-03-12 02:01:50'),
(31, NULL, '9b084a6a44882d90c45fcf4b6354a44072ddafcd', 'fb8924ee-0874-4a27-baec-9d31340a0dc5.jpg', 'image/jpeg', 8798735, 4096, 2286, 4, '{\"original_name\": \"9b084a6a44882d90c45fcf4b6354a44072ddafcd.jpg\"}', '{\"Post_image_thumb\": {\"width\": 300, \"height\": 167, \"file_name\": \"e3c64d5b-070c-4960-bf70-58018ac41412-thumb.jpg\", \"generated_at\": \"2026-03-13 12:48:46\"}}', '2026-03-12 02:21:17', '2026-03-12 22:48:46'),
(32, NULL, '50b8a907fd92d1f8fea4ab1503bf21ec622002e7', '6aa41cff-f259-460f-8f44-05a03b2b7a17.jpg', 'image/jpeg', 8402667, 4096, 2286, 10, '{\"original_name\": \"50b8a907fd92d1f8fea4ab1503bf21ec622002e7.jpg\"}', '[]', '2026-03-12 22:21:47', '2026-03-12 22:21:47'),
(33, NULL, '19235f544e6c9f2085ba77dd87344aa28ea14eb0', 'f07a8466-42a3-4cf7-8ede-5045b6ecd20f.jpg', 'image/jpeg', 8430099, 4096, 2286, 10, '{\"original_name\": \"19235f544e6c9f2085ba77dd87344aa28ea14eb0.jpg\"}', '[]', '2026-03-12 22:27:42', '2026-03-12 22:27:42'),
(34, NULL, 'd0cb8afa7f607cbc44d59758abf067873d07107a', 'dba697ef-9651-4f86-b0f7-f90854f8cbc3.jpg', 'image/jpeg', 9084115, 4096, 2286, 10, '{\"original_name\": \"d0cb8afa7f607cbc44d59758abf067873d07107a.jpg\"}', '[]', '2026-03-12 22:34:07', '2026-03-12 22:34:07'),
(35, NULL, '828df44a15a4f16450678af6454b7a5e11179011', 'd36e4ddb-4ae3-4bd0-a455-39da6a817521.jpg', 'image/jpeg', 2504847, 3168, 1344, 10, '{\"original_name\": \"828df44a15a4f16450678af6454b7a5e11179011.jpg\"}', '[]', '2026-03-12 22:37:21', '2026-03-12 22:37:21'),
(36, NULL, '5', '181a618e-c899-4f9f-9a3b-70396a28bba3.jpg', 'image/jpeg', 2381498, 4000, 2667, 11, '{\"original_name\": \"5.jpg\"}', '[]', '2026-03-15 02:41:05', '2026-03-15 02:41:05'),
(37, NULL, '4', '69c23ca2-9f1d-459b-acda-b5c71a091644.jpg', 'image/jpeg', 5270910, 4096, 2770, 11, '{\"original_name\": \"4.jpg\"}', '[]', '2026-03-15 02:41:05', '2026-03-15 02:41:05'),
(38, NULL, '3', '327b7c5c-c757-4220-8561-57ef842b8410.jpg', 'image/jpeg', 5988594, 4096, 2296, 11, '{\"original_name\": \"3.jpg\"}', '[]', '2026-03-15 02:41:05', '2026-03-15 02:41:05'),
(39, NULL, '2', '24877d4a-44cc-46d9-bf3d-e5d3a8526b99.jpg', 'image/jpeg', 8756301, 4000, 3500, 11, '{\"original_name\": \"2.jpg\"}', '[]', '2026-03-15 02:41:05', '2026-03-15 02:41:05'),
(40, NULL, '1', '08df0bf0-2e1f-4241-a7b7-9b1279666149.jpg', 'image/jpeg', 3293087, 4096, 2296, 11, '{\"original_name\": \"1.jpg\"}', '[]', '2026-03-15 02:41:05', '2026-03-15 02:41:05');

INSERT INTO `mediables` (`id`, `media_id`, `model_type`, `model_id`, `collection`, `sort_order`, `created_at`, `updated_at`) VALUES
(2, 6, 'App\\Models\\Post', 1, 'image', 0, NULL, NULL),
(11, 14, 'App\\Models\\Product', 2, 'images', 0, NULL, NULL),
(12, 15, 'App\\Models\\Product', 3, 'images', 0, NULL, NULL),
(13, 16, 'App\\Models\\Product', 4, 'images', 0, NULL, NULL),
(16, 17, 'App\\Models\\Product', 5, 'images', 0, NULL, NULL),
(17, 18, 'App\\Models\\Product', 6, 'images', 0, NULL, NULL),
(18, 19, 'App\\Models\\Product', 7, 'images', 0, NULL, NULL),
(19, 20, 'App\\Models\\Product', 8, 'images', 0, NULL, NULL),
(20, 21, 'App\\Models\\Product', 9, 'images', 0, NULL, NULL),
(23, 22, 'App\\Models\\Product', 10, 'images', 0, NULL, NULL),
(26, 25, 'App\\Models\\Post', 3, 'image', 0, NULL, NULL),
(27, 26, 'App\\Models\\Post', 4, 'image', 0, NULL, NULL),
(31, 8, 'App\\Models\\Product', 1, 'images', 0, NULL, NULL),
(33, 27, 'App\\Models\\Product', 11, 'images', 1, NULL, NULL),
(34, 28, 'App\\Models\\Product', 11, 'images', 2, NULL, NULL),
(35, 29, 'App\\Models\\Product', 11, 'images', 3, NULL, NULL),
(36, 23, 'App\\Models\\Product', 11, 'images', 0, NULL, NULL),
(55, 33, 'App\\Models\\Page', 2, 'image', 0, NULL, NULL),
(59, 32, 'App\\Models\\Page', 1, 'image', 0, NULL, NULL),
(64, 32, 'App\\Models\\Page', 3, 'image', 0, NULL, NULL),
(69, 34, 'App\\Models\\Page', 4, 'image', 0, NULL, NULL),
(72, 35, 'App\\Models\\Page', 5, 'image', 0, NULL, NULL),
(84, 31, 'App\\Models\\Post', 2, 'image_id', 0, NULL, NULL),
(86, 24, 'App\\Models\\Post', 2, 'image', 0, NULL, NULL),
(88, 13, 'App\\Models\\Collection', 1, 'image', 0, NULL, NULL),
(90, 12, 'App\\Models\\Collection', 2, 'image', 0, NULL, NULL),
(92, 11, 'App\\Models\\Collection', 3, 'image', 0, NULL, NULL),
(94, 10, 'App\\Models\\Collection', 4, 'image', 0, NULL, NULL),
(96, 9, 'App\\Models\\Collection', 5, 'image', 0, NULL, NULL);

INSERT INTO `menus` (`id`, `name`, `slug`, `sort_order`, `status`, `created_at`, `updated_at`) VALUES
(10, '{\"en\": \"Header\", \"vi\": \"Header\"}', 'header', 0, 'active', '2026-03-16 06:19:06', '2026-03-16 06:19:06');

INSERT INTO `menu_items` (`id`, `menu_id`, `parent_id`, `title`, `url`, `target`, `icon`, `sort_order`, `is_active`, `created_at`, `updated_at`) VALUES
(6, 10, NULL, '{\"vi\": \"Trang chủ\"}', NULL, '_self', NULL, 2, 1, '2026-03-16 06:27:06', '2026-03-16 07:01:57'),
(7, 10, NULL, '{\"en\": \"Đối tác tin cậy en\", \"vi\": \"Đối tác tin cậy\"}', NULL, '_self', NULL, 1, 1, '2026-03-16 06:28:09', '2026-03-16 07:01:37'),
(8, 10, NULL, '{\"vi\": \"Sản phẩm\"}', NULL, '_self', NULL, 0, 1, '2026-03-16 07:02:08', '2026-03-16 07:02:08');

INSERT INTO `permissions` (`id`, `name`, `guard_name`, `created_at`, `updated_at`) VALUES
(221, 'View:Role', 'web', '2026-03-16 06:09:21', '2026-03-16 06:09:21'),
(222, 'ViewAny:Role', 'web', '2026-03-16 06:09:21', '2026-03-16 06:09:21'),
(223, 'Create:Role', 'web', '2026-03-16 06:09:21', '2026-03-16 06:09:21'),
(224, 'Update:Role', 'web', '2026-03-16 06:09:21', '2026-03-16 06:09:21'),
(225, 'Delete:Role', 'web', '2026-03-16 06:09:21', '2026-03-16 06:09:21'),
(226, 'Restore:Role', 'web', '2026-03-16 06:09:21', '2026-03-16 06:09:21'),
(227, 'ForceDelete:Role', 'web', '2026-03-16 06:09:21', '2026-03-16 06:09:21'),
(228, 'ForceDeleteAny:Role', 'web', '2026-03-16 06:09:21', '2026-03-16 06:09:21'),
(229, 'RestoreAny:Role', 'web', '2026-03-16 06:09:21', '2026-03-16 06:09:21'),
(230, 'Replicate:Role', 'web', '2026-03-16 06:09:21', '2026-03-16 06:09:21'),
(231, 'Reorder:Role', 'web', '2026-03-16 06:09:21', '2026-03-16 06:09:21'),
(232, 'View:User', 'web', '2026-03-16 06:09:21', '2026-03-16 06:09:21'),
(233, 'ViewAny:User', 'web', '2026-03-16 06:09:21', '2026-03-16 06:09:21'),
(234, 'Create:User', 'web', '2026-03-16 06:09:21', '2026-03-16 06:09:21'),
(235, 'Update:User', 'web', '2026-03-16 06:09:21', '2026-03-16 06:09:21'),
(236, 'Delete:User', 'web', '2026-03-16 06:09:21', '2026-03-16 06:09:21'),
(237, 'Restore:User', 'web', '2026-03-16 06:09:21', '2026-03-16 06:09:21'),
(238, 'ForceDelete:User', 'web', '2026-03-16 06:09:21', '2026-03-16 06:09:21'),
(239, 'ForceDeleteAny:User', 'web', '2026-03-16 06:09:21', '2026-03-16 06:09:21'),
(240, 'RestoreAny:User', 'web', '2026-03-16 06:09:21', '2026-03-16 06:09:21'),
(241, 'Replicate:User', 'web', '2026-03-16 06:09:21', '2026-03-16 06:09:21'),
(242, 'Reorder:User', 'web', '2026-03-16 06:09:21', '2026-03-16 06:09:21'),
(243, 'View:Blog', 'web', '2026-03-16 06:09:21', '2026-03-16 06:09:21'),
(244, 'ViewAny:Blog', 'web', '2026-03-16 06:09:21', '2026-03-16 06:09:21'),
(245, 'Create:Blog', 'web', '2026-03-16 06:09:21', '2026-03-16 06:09:21'),
(246, 'Update:Blog', 'web', '2026-03-16 06:09:21', '2026-03-16 06:09:21'),
(247, 'Delete:Blog', 'web', '2026-03-16 06:09:21', '2026-03-16 06:09:21'),
(248, 'Restore:Blog', 'web', '2026-03-16 06:09:21', '2026-03-16 06:09:21'),
(249, 'ForceDelete:Blog', 'web', '2026-03-16 06:09:21', '2026-03-16 06:09:21'),
(250, 'ForceDeleteAny:Blog', 'web', '2026-03-16 06:09:21', '2026-03-16 06:09:21'),
(251, 'RestoreAny:Blog', 'web', '2026-03-16 06:09:21', '2026-03-16 06:09:21'),
(252, 'Replicate:Blog', 'web', '2026-03-16 06:09:21', '2026-03-16 06:09:21'),
(253, 'Reorder:Blog', 'web', '2026-03-16 06:09:21', '2026-03-16 06:09:21'),
(254, 'View:Post', 'web', '2026-03-16 06:09:21', '2026-03-16 06:09:21'),
(255, 'ViewAny:Post', 'web', '2026-03-16 06:09:21', '2026-03-16 06:09:21'),
(256, 'Create:Post', 'web', '2026-03-16 06:09:21', '2026-03-16 06:09:21'),
(257, 'Update:Post', 'web', '2026-03-16 06:09:21', '2026-03-16 06:09:21'),
(258, 'Delete:Post', 'web', '2026-03-16 06:09:21', '2026-03-16 06:09:21'),
(259, 'Restore:Post', 'web', '2026-03-16 06:09:21', '2026-03-16 06:09:21'),
(260, 'ForceDelete:Post', 'web', '2026-03-16 06:09:21', '2026-03-16 06:09:21'),
(261, 'ForceDeleteAny:Post', 'web', '2026-03-16 06:09:21', '2026-03-16 06:09:21'),
(262, 'RestoreAny:Post', 'web', '2026-03-16 06:09:21', '2026-03-16 06:09:21'),
(263, 'Replicate:Post', 'web', '2026-03-16 06:09:21', '2026-03-16 06:09:21'),
(264, 'Reorder:Post', 'web', '2026-03-16 06:09:21', '2026-03-16 06:09:21'),
(265, 'View:Page', 'web', '2026-03-16 06:09:21', '2026-03-16 06:09:21'),
(266, 'ViewAny:Page', 'web', '2026-03-16 06:09:21', '2026-03-16 06:09:21'),
(267, 'Create:Page', 'web', '2026-03-16 06:09:21', '2026-03-16 06:09:21'),
(268, 'Update:Page', 'web', '2026-03-16 06:09:21', '2026-03-16 06:09:21'),
(269, 'Delete:Page', 'web', '2026-03-16 06:09:21', '2026-03-16 06:09:21'),
(270, 'Restore:Page', 'web', '2026-03-16 06:09:21', '2026-03-16 06:09:21'),
(271, 'ForceDelete:Page', 'web', '2026-03-16 06:09:21', '2026-03-16 06:09:21'),
(272, 'ForceDeleteAny:Page', 'web', '2026-03-16 06:09:21', '2026-03-16 06:09:21'),
(273, 'RestoreAny:Page', 'web', '2026-03-16 06:09:21', '2026-03-16 06:09:21'),
(274, 'Replicate:Page', 'web', '2026-03-16 06:09:21', '2026-03-16 06:09:21'),
(275, 'Reorder:Page', 'web', '2026-03-16 06:09:21', '2026-03-16 06:09:21'),
(276, 'View:Order', 'web', '2026-03-16 06:09:21', '2026-03-16 06:09:21'),
(277, 'ViewAny:Order', 'web', '2026-03-16 06:09:21', '2026-03-16 06:09:21'),
(278, 'Create:Order', 'web', '2026-03-16 06:09:21', '2026-03-16 06:09:21'),
(279, 'Update:Order', 'web', '2026-03-16 06:09:21', '2026-03-16 06:09:21'),
(280, 'Delete:Order', 'web', '2026-03-16 06:09:21', '2026-03-16 06:09:21'),
(281, 'Restore:Order', 'web', '2026-03-16 06:09:21', '2026-03-16 06:09:21'),
(282, 'ForceDelete:Order', 'web', '2026-03-16 06:09:21', '2026-03-16 06:09:21'),
(283, 'ForceDeleteAny:Order', 'web', '2026-03-16 06:09:21', '2026-03-16 06:09:21'),
(284, 'RestoreAny:Order', 'web', '2026-03-16 06:09:21', '2026-03-16 06:09:21'),
(285, 'Replicate:Order', 'web', '2026-03-16 06:09:21', '2026-03-16 06:09:21'),
(286, 'Reorder:Order', 'web', '2026-03-16 06:09:21', '2026-03-16 06:09:21'),
(287, 'View:OrderItem', 'web', '2026-03-16 06:09:21', '2026-03-16 06:09:21'),
(288, 'ViewAny:OrderItem', 'web', '2026-03-16 06:09:21', '2026-03-16 06:09:21'),
(289, 'Create:OrderItem', 'web', '2026-03-16 06:09:21', '2026-03-16 06:09:21'),
(290, 'Update:OrderItem', 'web', '2026-03-16 06:09:21', '2026-03-16 06:09:21'),
(291, 'Delete:OrderItem', 'web', '2026-03-16 06:09:21', '2026-03-16 06:09:21'),
(292, 'Restore:OrderItem', 'web', '2026-03-16 06:09:21', '2026-03-16 06:09:21'),
(293, 'ForceDelete:OrderItem', 'web', '2026-03-16 06:09:21', '2026-03-16 06:09:21'),
(294, 'ForceDeleteAny:OrderItem', 'web', '2026-03-16 06:09:21', '2026-03-16 06:09:21'),
(295, 'RestoreAny:OrderItem', 'web', '2026-03-16 06:09:21', '2026-03-16 06:09:21'),
(296, 'Replicate:OrderItem', 'web', '2026-03-16 06:09:21', '2026-03-16 06:09:21'),
(297, 'Reorder:OrderItem', 'web', '2026-03-16 06:09:21', '2026-03-16 06:09:21'),
(298, 'View:Collection', 'web', '2026-03-16 06:09:21', '2026-03-16 06:09:21'),
(299, 'ViewAny:Collection', 'web', '2026-03-16 06:09:21', '2026-03-16 06:09:21'),
(300, 'Create:Collection', 'web', '2026-03-16 06:09:21', '2026-03-16 06:09:21'),
(301, 'Update:Collection', 'web', '2026-03-16 06:09:21', '2026-03-16 06:09:21'),
(302, 'Delete:Collection', 'web', '2026-03-16 06:09:21', '2026-03-16 06:09:21'),
(303, 'Restore:Collection', 'web', '2026-03-16 06:09:21', '2026-03-16 06:09:21'),
(304, 'ForceDelete:Collection', 'web', '2026-03-16 06:09:21', '2026-03-16 06:09:21'),
(305, 'ForceDeleteAny:Collection', 'web', '2026-03-16 06:09:21', '2026-03-16 06:09:21'),
(306, 'RestoreAny:Collection', 'web', '2026-03-16 06:09:21', '2026-03-16 06:09:21'),
(307, 'Replicate:Collection', 'web', '2026-03-16 06:09:21', '2026-03-16 06:09:21'),
(308, 'Reorder:Collection', 'web', '2026-03-16 06:09:21', '2026-03-16 06:09:21'),
(309, 'View:Product', 'web', '2026-03-16 06:09:21', '2026-03-16 06:09:21'),
(310, 'ViewAny:Product', 'web', '2026-03-16 06:09:21', '2026-03-16 06:09:21'),
(311, 'Create:Product', 'web', '2026-03-16 06:09:21', '2026-03-16 06:09:21'),
(312, 'Update:Product', 'web', '2026-03-16 06:09:21', '2026-03-16 06:09:21'),
(313, 'Delete:Product', 'web', '2026-03-16 06:09:21', '2026-03-16 06:09:21'),
(314, 'Restore:Product', 'web', '2026-03-16 06:09:21', '2026-03-16 06:09:21'),
(315, 'ForceDelete:Product', 'web', '2026-03-16 06:09:21', '2026-03-16 06:09:21'),
(316, 'ForceDeleteAny:Product', 'web', '2026-03-16 06:09:21', '2026-03-16 06:09:21'),
(317, 'RestoreAny:Product', 'web', '2026-03-16 06:09:21', '2026-03-16 06:09:21'),
(318, 'Replicate:Product', 'web', '2026-03-16 06:09:21', '2026-03-16 06:09:21'),
(319, 'Reorder:Product', 'web', '2026-03-16 06:09:21', '2026-03-16 06:09:21'),
(320, 'View:Showcase', 'web', '2026-03-16 06:09:21', '2026-03-16 06:09:21'),
(321, 'ViewAny:Showcase', 'web', '2026-03-16 06:09:21', '2026-03-16 06:09:21'),
(322, 'Create:Showcase', 'web', '2026-03-16 06:09:21', '2026-03-16 06:09:21'),
(323, 'Update:Showcase', 'web', '2026-03-16 06:09:21', '2026-03-16 06:09:21'),
(324, 'Delete:Showcase', 'web', '2026-03-16 06:09:21', '2026-03-16 06:09:21'),
(325, 'Restore:Showcase', 'web', '2026-03-16 06:09:21', '2026-03-16 06:09:21'),
(326, 'ForceDelete:Showcase', 'web', '2026-03-16 06:09:21', '2026-03-16 06:09:21'),
(327, 'ForceDeleteAny:Showcase', 'web', '2026-03-16 06:09:21', '2026-03-16 06:09:21'),
(328, 'RestoreAny:Showcase', 'web', '2026-03-16 06:09:21', '2026-03-16 06:09:21'),
(329, 'Replicate:Showcase', 'web', '2026-03-16 06:09:21', '2026-03-16 06:09:21'),
(330, 'Reorder:Showcase', 'web', '2026-03-16 06:09:21', '2026-03-16 06:09:21'),
(331, 'ViewAny:Contact', 'web', '2026-03-16 06:10:25', '2026-03-16 06:10:25'),
(332, 'View:Contact', 'web', '2026-03-16 06:10:25', '2026-03-16 06:10:25'),
(333, 'Create:Contact', 'web', '2026-03-16 06:10:25', '2026-03-16 06:10:25'),
(334, 'Update:Contact', 'web', '2026-03-16 06:10:25', '2026-03-16 06:10:25'),
(335, 'Delete:Contact', 'web', '2026-03-16 06:10:25', '2026-03-16 06:10:25'),
(336, 'Restore:Contact', 'web', '2026-03-16 06:10:25', '2026-03-16 06:10:25'),
(337, 'ForceDelete:Contact', 'web', '2026-03-16 06:10:25', '2026-03-16 06:10:25'),
(338, 'ForceDeleteAny:Contact', 'web', '2026-03-16 06:10:25', '2026-03-16 06:10:25'),
(339, 'RestoreAny:Contact', 'web', '2026-03-16 06:10:25', '2026-03-16 06:10:25'),
(340, 'Replicate:Contact', 'web', '2026-03-16 06:10:25', '2026-03-16 06:10:25'),
(341, 'Reorder:Contact', 'web', '2026-03-16 06:10:25', '2026-03-16 06:10:25'),
(342, 'ViewAny:Menu', 'web', '2026-03-16 06:10:25', '2026-03-16 06:10:25'),
(343, 'View:Menu', 'web', '2026-03-16 06:10:25', '2026-03-16 06:10:25'),
(344, 'Create:Menu', 'web', '2026-03-16 06:10:25', '2026-03-16 06:10:25'),
(345, 'Update:Menu', 'web', '2026-03-16 06:10:25', '2026-03-16 06:10:25'),
(346, 'Delete:Menu', 'web', '2026-03-16 06:10:25', '2026-03-16 06:10:25'),
(347, 'Restore:Menu', 'web', '2026-03-16 06:10:25', '2026-03-16 06:10:25'),
(348, 'ForceDelete:Menu', 'web', '2026-03-16 06:10:25', '2026-03-16 06:10:25'),
(349, 'ForceDeleteAny:Menu', 'web', '2026-03-16 06:10:25', '2026-03-16 06:10:25'),
(350, 'RestoreAny:Menu', 'web', '2026-03-16 06:10:25', '2026-03-16 06:10:25'),
(351, 'Replicate:Menu', 'web', '2026-03-16 06:10:25', '2026-03-16 06:10:25'),
(352, 'Reorder:Menu', 'web', '2026-03-16 06:10:25', '2026-03-16 06:10:25'),
(353, 'View:MediaManager', 'web', '2026-03-16 06:10:25', '2026-03-16 06:10:25'),
(354, 'View:ShopSettings', 'web', '2026-03-16 06:10:25', '2026-03-16 06:10:25'),
(355, 'View:SystemSettings', 'web', '2026-03-16 06:10:25', '2026-03-16 06:10:25'),
(356, 'View:EcommerceStats', 'web', '2026-03-16 06:10:25', '2026-03-16 06:10:25'),
(357, 'View:RecentOrders', 'web', '2026-03-16 06:10:25', '2026-03-16 06:10:25'),
(358, 'View:RevenueChart', 'web', '2026-03-16 06:10:25', '2026-03-16 06:10:25'),
(359, 'View:MenuItem', 'web', '2026-03-16 06:26:34', '2026-03-16 06:26:34'),
(360, 'ViewAny:MenuItem', 'web', '2026-03-16 06:26:34', '2026-03-16 06:26:34'),
(361, 'Create:MenuItem', 'web', '2026-03-16 06:26:34', '2026-03-16 06:26:34'),
(362, 'Update:MenuItem', 'web', '2026-03-16 06:26:34', '2026-03-16 06:26:34'),
(363, 'Delete:MenuItem', 'web', '2026-03-16 06:26:34', '2026-03-16 06:26:34'),
(364, 'Restore:MenuItem', 'web', '2026-03-16 06:26:34', '2026-03-16 06:26:34'),
(365, 'ForceDelete:MenuItem', 'web', '2026-03-16 06:26:34', '2026-03-16 06:26:34'),
(366, 'ForceDeleteAny:MenuItem', 'web', '2026-03-16 06:26:34', '2026-03-16 06:26:34'),
(367, 'RestoreAny:MenuItem', 'web', '2026-03-16 06:26:34', '2026-03-16 06:26:34'),
(368, 'Replicate:MenuItem', 'web', '2026-03-16 06:26:34', '2026-03-16 06:26:34'),
(369, 'Reorder:MenuItem', 'web', '2026-03-16 06:26:34', '2026-03-16 06:26:34');

INSERT INTO `posts` (`id`, `title`, `slug`, `description`, `content`, `status`, `created_at`, `updated_at`) VALUES
(1, '{\"vi\": \"Cập Nhật Tiến Độ Sản Xuất Đơn Hàng\"}', '{\"vi\": \"cap-nhat-tien-do-san-xuat-don-hang\"}', '{\"vi\": \"Thông tin về quá trình sản xuất, kiểm tra chất lượng và hoàn thiện đơn hàng trước khi xuất xưởng.\"}', '{\"vi\": \"<p></p>\"}', 'published', '2026-02-27 16:25:19', '2026-02-27 16:25:19'),
(2, '{\"en\": \"\", \"vi\": \"Hoạt Động Đóng Gói & Xuất Hàng\"}', '{\"en\": \"\", \"vi\": \"hoat-dong-dong-goi-xuat-hang\"}', '{\"en\": \"\", \"vi\": \"Environmentalists have consistently raised concerns about the beauty industry\'s ecological impact, citing problems like excessive packaging and the incorporation of harmful chemicals in its products.\"}', '{\"en\": \"\", \"vi\": \"<div data-type=\\\"customBlock\\\" data-config=\\\"{&quot;image_position&quot;:&quot;right&quot;,&quot;title&quot;:null,&quot;text&quot;:&quot;...&quot;,&quot;image_id&quot;:30}\\\" data-id=\\\"two_column\\\"></div>...\"}', 'published', '2026-03-02 23:16:56', '2026-03-12 23:05:56'),
(3, '{\"vi\": \"Cập Nhật Vận Chuyển & Giao Hàng\"}', '{\"vi\": \"cap-nhat-van-chuyen-giao-hang\"}', '{\"vi\": \"The beauty industry has faced sustained criticism for its failure to embrace inclusivity and diversity, leaving many individuals feeling excluded from conventional beauty norms.\"}', '{\"vi\": \"<p></p>\"}', 'published', '2026-03-02 23:18:38', '2026-03-02 23:18:38'),
(4, '{\"vi\": \"10.000+ Chiếc Móc Được Xuất Xưởng Đến Khách Hàng\"}', '{\"vi\": \"10000-chiec-moc-duoc-xuat-xuong-den-khach-hang\"}', '{\"vi\": \"Environmentalists have consistently raised concerns about the beauty industry\'s ecological impact, citing problems like excessive packaging and the incorporation of harmful chemicals in its products.\"}', '{\"vi\": \"<p></p>\"}', 'published', '2026-03-02 23:24:36', '2026-03-02 23:24:36');

INSERT INTO `post_blog` (`id`, `post_id`, `blog_id`, `created_at`, `updated_at`) VALUES
(1, 1, 1, NULL, NULL),
(2, 2, 1, NULL, NULL),
(3, 3, 1, NULL, NULL),
(4, 4, 1, NULL, NULL);

INSERT INTO `products` (`id`, `name`, `slug`, `description`, `content`, `price`, `has_variant`, `compare_at_price`, `is_featured`, `featured_position`, `stock_quantity`, `sales_count`, `specifications`, `status`, `created_at`, `updated_at`) VALUES
(1, '{\"en\": \"\", \"vi\": \"Móc Kim Loại Đầu Vòng\"}', '{\"en\": \"\", \"vi\": \"moc-kim-loai-dau-vong\"}', '{\"en\": \"\"}', '{\"en\": \"\", \"vi\": \"<p></p>\"}', 0.00, 0, NULL, 0, 0, 0, 0, '{\"en\": null, \"vi\": {\"123\": \"123\"}}', 'active', '2026-02-27 16:22:58', '2026-03-03 12:24:06'),
(2, '{\"vi\": \"Móc Gỗ Kẹp Quần Áo\"}', '{\"vi\": \"moc-go-kep-quan-ao\"}', '{\"vi\": null}', '{\"vi\": \"<p></p>\"}', 0.00, 0, NULL, 0, 0, 0, 0, NULL, 'active', '2026-03-02 22:46:12', '2026-03-02 22:46:12'),
(3, '{\"vi\": \"Móc Vest Gỗ Cao Cấp\"}', '{\"vi\": \"moc-vest-go-cao-cap\"}', '{\"vi\": null}', '{\"vi\": \"<p></p>\"}', 0.00, 0, NULL, 0, 0, 0, 0, NULL, 'active', '2026-03-02 22:48:53', '2026-03-02 22:48:53'),
(4, '{\"vi\": \"Móc Gỗ Dáng Mỏng\"}', '{\"vi\": \"moc-go-dang-mong\"}', '{\"vi\": null}', '{\"vi\": \"<p></p>\"}', 0.00, 0, NULL, 0, 0, 0, 0, NULL, 'active', '2026-03-02 22:49:18', '2026-03-02 22:49:18'),
(5, '{\"en\": \"\", \"vi\": \"Móc Gỗ Kẹp Classic\"}', '{\"en\": \"\", \"vi\": \"moc-go-kep-classic\"}', '{\"en\": \"\"}', '{\"en\": \"\", \"vi\": \"<p></p>\"}', 0.00, 0, NULL, 0, 0, 0, 0, NULL, 'active', '2026-03-02 22:57:08', '2026-03-02 22:57:53'),
(6, '{\"vi\": \"Móc Gỗ Tiêu Chuẩn\"}', '{\"vi\": \"moc-go-tieu-chuan\"}', '{\"vi\": null}', '{\"vi\": \"<p></p>\"}', 0.00, 0, NULL, 0, 0, 0, 0, NULL, 'active', '2026-03-02 22:58:47', '2026-03-02 22:58:47'),
(7, '{\"vi\": \"Móc Gỗ Cao Cấp Thanh Ngang\"}', '{\"vi\": \"moc-go-cao-cap-thanh-ngang\"}', '{\"vi\": null}', '{\"vi\": \"<p></p>\"}', 0.00, 0, NULL, 0, 0, 0, 0, NULL, 'active', '2026-03-02 22:59:11', '2026-03-02 22:59:11'),
(8, '{\"vi\": \"Móc Vest Gỗ Mahogany\"}', '{\"vi\": \"moc-vest-go-mahogany\"}', '{\"vi\": null}', '{\"vi\": \"<p></p>\"}', 0.00, 0, NULL, 0, 0, 0, 0, NULL, 'active', '2026-03-02 22:59:33', '2026-03-02 22:59:33'),
(9, '{\"vi\": \"Móc Gỗ Tiêu Chuẩn\"}', '{\"vi\": \"moc-go-tieu-chuan-2\"}', '{\"vi\": \"Thiết kế chắc chắn, hoàn thiện mịn, phù hợp treo quần áo hàng ngày và sản xuất số lượng lớn.\"}', '{\"vi\": \"<p></p>\"}', 0.00, 0, NULL, 1, 0, 0, 0, NULL, 'active', '2026-03-02 23:05:07', '2026-03-02 23:05:07'),
(10, '{\"en\": \"\", \"vi\": \"Móc Gỗ Gia Dụng\"}', '{\"en\": \"\", \"vi\": \"moc-go-gia-dung\"}', '{\"en\": \"\", \"vi\": \"Dáng móc tối ưu giữ form trang phục, bền bỉ, phù hợp cho gia đình, cửa hàng và sử dụng thường xuyên.\"}', '{\"en\": \"\", \"vi\": \"<p></p>\"}', 0.00, 0, NULL, 1, 0, 0, 0, NULL, 'active', '2026-03-02 23:05:37', '2026-03-02 23:05:39'),
(11, '{\"en\": \"\", \"vi\": \"Móc Gỗ Kẹp Quần Áo\"}', '{\"en\": \"\", \"vi\": \"moc-go-kep-quan-ao-2\"}', '{\"en\": \"\", \"vi\": \"Tích hợp kẹp chắc chắn, phù hợp treo quần, váy và trang phục cần cố định, đảm bảo ổn định khi sử dụng.\"}', '{\"en\": \"\", \"vi\": \"<p></p>\"}', 0.00, 0, NULL, 1, 0, 0, 0, '{\"en\": null, \"vi\": []}', 'active', '2026-03-02 23:08:05', '2026-03-09 02:18:04');

INSERT INTO `product_reviews` (`id`, `product_id`, `user_id`, `reviewer_name`, `reviewer_email`, `rating`, `comment`, `is_approved`, `created_at`, `updated_at`) VALUES
(1, 1, NULL, 'Việt Hùng', 'viet.hung.2898@gmail.com', 5, 'Toẹt vời', 1, '2026-03-02 23:53:28', '2026-03-02 23:53:28');

INSERT INTO `roles` (`id`, `name`, `guard_name`, `created_at`, `updated_at`) VALUES
(11, 'super_admin', 'web', '2026-03-16 06:09:21', '2026-03-16 06:09:21'),
(12, 'customer', 'web', '2026-03-16 06:09:21', '2026-03-16 06:09:21');

INSERT INTO `role_has_permissions` (`permission_id`, `role_id`) VALUES
(221, 11),
(222, 11),
(223, 11),
(224, 11),
(225, 11),
(226, 11),
(227, 11),
(228, 11),
(229, 11),
(230, 11),
(231, 11),
(232, 11),
(233, 11),
(234, 11),
(235, 11),
(236, 11),
(237, 11),
(238, 11),
(239, 11),
(240, 11),
(241, 11),
(242, 11),
(243, 11),
(244, 11),
(245, 11),
(246, 11),
(247, 11),
(248, 11),
(249, 11),
(250, 11),
(251, 11),
(252, 11),
(253, 11),
(254, 11),
(255, 11),
(256, 11),
(257, 11),
(258, 11),
(259, 11),
(260, 11),
(261, 11),
(262, 11),
(263, 11),
(264, 11),
(265, 11),
(266, 11),
(267, 11),
(268, 11),
(269, 11),
(270, 11),
(271, 11),
(272, 11),
(273, 11),
(274, 11),
(275, 11),
(276, 11),
(277, 11),
(278, 11),
(279, 11),
(280, 11),
(281, 11),
(282, 11),
(283, 11),
(284, 11),
(285, 11),
(286, 11),
(287, 11),
(288, 11),
(289, 11),
(290, 11),
(291, 11),
(292, 11),
(293, 11),
(294, 11),
(295, 11),
(296, 11),
(297, 11),
(298, 11),
(299, 11),
(300, 11),
(301, 11),
(302, 11),
(303, 11),
(304, 11),
(305, 11),
(306, 11),
(307, 11),
(308, 11),
(309, 11),
(310, 11),
(311, 11),
(312, 11),
(313, 11),
(314, 11),
(315, 11),
(316, 11),
(317, 11),
(318, 11),
(319, 11),
(320, 11),
(321, 11),
(322, 11),
(323, 11),
(324, 11),
(325, 11),
(326, 11),
(327, 11),
(328, 11),
(329, 11),
(330, 11),
(331, 11),
(332, 11),
(333, 11),
(334, 11),
(335, 11),
(336, 11),
(337, 11),
(338, 11),
(339, 11),
(340, 11),
(341, 11),
(342, 11),
(343, 11),
(344, 11),
(345, 11),
(346, 11),
(347, 11),
(348, 11),
(349, 11),
(350, 11),
(351, 11),
(352, 11),
(359, 11),
(360, 11),
(361, 11),
(362, 11),
(363, 11),
(364, 11),
(365, 11),
(366, 11),
(367, 11),
(368, 11),
(369, 11);

INSERT INTO `settings` (`id`, `group`, `key`, `type`, `value`, `created_at`, `updated_at`) VALUES
(1, 'shop', 'site_name', NULL, '{\"en\": \"Duyang vietnam en\", \"vi\": \"Duyang vietnam\"}', '2026-02-27 18:21:58', '2026-03-16 06:20:20'),
(2, 'shop', 'site_logo', 'image', '{\"en\": 7, \"vi\": 7}', '2026-02-27 18:21:58', '2026-03-16 06:20:20'),
(3, 'shop', 'site_email', NULL, '{\"en\": \"duyangvietnam@gmail.com\", \"vi\": \"duyangvietnam@gmail.com\"}', '2026-02-27 18:21:58', '2026-03-16 06:20:20'),
(4, 'shop', 'site_phone', NULL, '{\"en\": \"0878 989 999\", \"vi\": \"0878 989 999\"}', '2026-02-27 18:21:58', '2026-03-16 06:20:20'),
(5, 'shop', 'site_address', NULL, '{\"en\": \"1236 Nguyen Van Linh Street, Thuong Hong Ward, Hung Yen Province, Vietnam\", \"vi\": \"Số 1236 Đường Nguyễn Văn Linh, Phường Thượng Hồng,  Tỉnh Hưng Yên, Việt Nam\"}', '2026-02-27 18:21:58', '2026-03-16 06:20:20'),
(6, 'shop', 'site_description', NULL, '{\"en\": \"DUYANG VIETNAM is always ready to support and provide manufacturing solutions tailored to your needs. Please send us your information, and our team will respond promptly with details about our products, production capabilities, as well as OEM/ODM cooperation opportunities.\", \"vi\": \"DUYANG VIETNAM luôn sẵn sàng hỗ trợ và tư vấn giải pháp sản xuất phù hợp với nhu cầu của bạn. Hãy gửi thông tin, đội ngũ của chúng tôi sẽ phản hồi nhanh chóng và cung cấp chi tiết về sản phẩm, năng lực sản xuất cũng như hợp tác OEM / ODM.\"}', '2026-02-27 18:21:58', '2026-03-16 06:20:20'),
(7, 'shop', 'site_map', NULL, '{\"en\": \"<iframe src=\\\"https://www.google.com/maps/embed?pb=!1m18!1m12!1m3!1d3726.650484527321!2d106.08016517596784!3d20.92637699128586!2m3!1f0!2f0!3f0!3m2!1i1024!2i768!4f13.1!3m3!1m2!1s0x3135a3a8610927eb%3A0x67ec5247515f5685!2sDuyang%20vietnam!5e0!3m2!1svi!2s!4v1772591618809!5m2!1svi!2s\\\" width=\\\"600\\\" height=\\\"450\\\" style=\\\"border:0;\\\" allowfullscreen=\\\"\\\" loading=\\\"lazy\\\" referrerpolicy=\\\"no-referrer-when-downgrade\\\"></iframe>\", \"vi\": \"<iframe src=\\\"https://www.google.com/maps/embed?pb=!1m18!1m12!1m3!1d3726.650484527321!2d106.08016517596784!3d20.92637699128586!2m3!1f0!2f0!3f0!3m2!1i1024!2i768!4f13.1!3m3!1m2!1s0x3135a3a8610927eb%3A0x67ec5247515f5685!2sDuyang%20vietnam!5e0!3m2!1svi!2s!4v1772591618809!5m2!1svi!2s\\\" width=\\\"600\\\" height=\\\"450\\\" style=\\\"border:0;\\\" allowfullscreen=\\\"\\\" loading=\\\"lazy\\\" referrerpolicy=\\\"no-referrer-when-downgrade\\\"></iframe>\"}', '2026-02-27 18:21:58', '2026-03-16 06:20:20'),
(8, 'shop', 'bank_info', NULL, '{\"en\": [], \"vi\": []}', '2026-02-27 18:21:58', '2026-02-27 18:21:58'),
(9, 'shop', 'faq', NULL, '{\"en\": [{\"key\": \"Does the factory support packaging and export?\", \"value\": \"Yes. We provide packaging solutions, product inspection, container loading, and transportation support according to the requirements of both domestic and international customers.\"}, {\"key\": \"Does the factory accept custom manufacturing?\", \"value\": \"Yes. We offer OEM/ODM manufacturing services and can produce according to the customer\'s designs, specifications, or requirements.\"}, {\"key\": \"What is the minimum order quantity (MOQ)?\", \"value\": \"The minimum order quantity depends on the type of product and production requirements. Please contact us for detailed information.\"}, {\"key\": \"How long is the production lead time?\", \"value\": \"Production time depends on the order quantity and product specifications. Our team will provide a specific timeline after confirming the order details.\"}, {\"key\": \"Does the factory have product quality control?\", \"value\": \"Yes. Our factory applies strict quality control processes at every stage of production to ensure that all products meet the required standards before delivery.\"}], \"vi\": [{\"key\": \"Nhà máy có hỗ trợ đóng gói và xuất khẩu không?\", \"value\": \"Có. Chúng tôi cung cấp giải pháp đóng gói, kiểm tra, đóng container và hỗ trợ vận chuyển theo yêu cầu của khách hàng trong và ngoài nước.\"}, {\"key\": \"Nhà máy có nhận sản xuất theo yêu cầu không?\", \"value\": \"\"}, {\"key\": \"Số lượng đặt hàng tối thiểu là bao nhiêu?\", \"value\": \"\"}, {\"key\": \"Thời gian sản xuất bao lâu?\", \"value\": \"\"}, {\"key\": \"Nhà máy có kiểm soát chất lượng sản phẩm không?\", \"value\": \"\"}]}', '2026-03-02 23:38:33', '2026-03-16 06:20:20'),
(10, 'shop', 'tax_code', NULL, '{\"vi\": \"0901196968\"}', '2026-03-03 00:31:51', '2026-03-16 06:20:20'),
(11, 'shop', 'representative', NULL, '{\"vi\": \"Ông Thạch Công Đồng\"}', '2026-03-03 00:31:51', '2026-03-16 06:20:20'),
(12, 'shop', 'business_field', NULL, '{\"en\": \"Manufacturing of products made from wood, bamboo, rattan, straw, and related materials for industrial and consumer use.\", \"vi\": \"Sản xuất các sản phẩm từ gỗ, tre, nứa, rơm, rạ và vật liệu liên quan phục vụ công nghiệp và tiêu dùng.\"}', '2026-03-03 00:31:51', '2026-03-16 06:20:20'),
(13, 'shop', 'working_hours', NULL, '{\"en\": [{\"key\": \"Monday – Friday😊\", \"value\": \"8:00 AM – 5:00 PM\"}, {\"key\": \"Saturday\", \"value\": \"8:00 AM – 12:00 AM\"}, {\"key\": \"Sunday\", \"value\": \"Closed\"}], \"vi\": [{\"key\": \"Thứ Hai – Thứ Sáu\", \"value\": \"08:00 – 17:00\"}, {\"key\": \"Thứ Bảy\", \"value\": \"08:00 – 12:00\"}, {\"key\": \"Chủ Nhật\", \"value\": \"Nghỉ\"}]}', '2026-03-03 00:31:51', '2026-03-16 06:20:20'),
(14, 'shop', 'gallery', 'image', '{\"en\": [36, 37, 38, 39, 40], \"vi\": [36, 37, 38, 39, 40]}', '2026-03-15 02:42:46', '2026-03-16 06:20:20');

INSERT INTO `users` (`id`, `name`, `email`, `email_verified_at`, `password`, `is_admin`, `two_factor_secret`, `two_factor_recovery_codes`, `two_factor_confirmed_at`, `remember_token`, `created_at`, `updated_at`) VALUES
(11, 'Super Admin', 'admin@admin.com', '2026-03-16 06:09:21', '$2y$12$/xndr2gOZAYm1B64ibtSyOwPZaJxgaMe7DEZPInvHZFk33Z00snJu', 1, NULL, NULL, NULL, 'dFyTJm2oPhLWo7pLQdS5p1S69MrtL1sNYmgHz8yajQ9bws8omAVk2hb2So9l', '2026-03-16 06:09:21', '2026-03-16 06:09:21');

INSERT INTO `model_has_roles` (`role_id`, `model_type`, `model_id`) VALUES
(11, 'App\\Models\\User', 11);
